{"cameraMode":{"drawMode":0,"name":"Shaded","section":"Shading Mode"},"sceneLighting":true,"audioPlay":false,"sceneViewState":{"showFog":true,"showMaterialUpdate":false,"showSkybox":true,"showFlares":true,"showImageEffects":true,"showParticleSystems":true},"in2DMode":false,"pivot":{"x":0.15112191438674928,"y":1.536923885345459,"z":-7.261203765869141},"rotation":{"x":0.025008004158735277,"y":-0.9738302826881409,"z":0.1820501983165741,"w":0.1337663233280182},"size":1.4743541479110718,"orthographic":false}